City_ID,City,Country,Date,Lat,Lng,Max Temp,Humidity,Cloudiness,Wind Speed
0,Hithadhoo,MV,2022-05-23 01:41:38,-0.6,73.0833,83.39,73,100,13.31
1,Avarua,CK,2022-05-23 01:41:39,-21.2078,-159.775,84.25,74,75,9.22
2,Port Blair,IN,2022-05-23 01:41:39,11.6667,92.75,82.44,83,100,10.36
3,Neryungri,RU,2022-05-23 01:40:06,56.6709,124.6491,45.79,77,27,4.97
4,Fortuna,US,2022-05-23 01:41:40,40.5982,-124.1573,57.92,86,75,13.8
5,Puerto Ayora,EC,2022-05-23 01:41:40,-0.7393,-90.3518,71.83,91,34,6.96
6,Vardo,NO,2022-05-23 01:41:41,70.3705,31.1107,37.38,87,100,17.27
7,Saint-Cyr-Sur-Loire,FR,2022-05-23 01:41:41,47.4,0.6667,65.55,83,75,3.44
8,Castro,BR,2022-05-23 01:41:41,-24.7911,-50.0119,49.42,78,96,2.39
9,Zverinogolovskoye,RU,2022-05-23 01:41:42,54.4586,64.8542,45.57,80,100,12.37
10,Saskylakh,RU,2022-05-23 01:41:42,71.9167,114.0833,33.15,96,100,10.22
11,Itupiranga,BR,2022-05-23 01:41:43,-5.1347,-49.3267,72.32,94,7,1.88
12,Hobyo,SO,2022-05-23 01:41:43,5.3505,48.5268,80.31,79,90,23.29
13,Nalut,LY,2022-05-23 01:41:43,30.3333,10.85,70.43,9,0,10.07
14,Lander,US,2022-05-23 01:41:44,42.833,-108.7307,55.11,39,75,6.91
15,Torbay,CA,2022-05-23 01:41:44,47.6666,-52.7314,54.37,63,100,14.97
16,Hilton Head Island,US,2022-05-23 01:37:34,32.2163,-80.7526,73.99,90,97,11.32
17,Rikitea,PF,2022-05-23 01:41:45,-23.1203,-134.9692,76.01,76,49,17.27
18,Awash,ET,2022-05-23 01:41:45,8.9833,40.1667,74.17,38,77,7.96
19,Thompson,CA,2022-05-23 01:39:19,55.7435,-97.8558,62.76,20,75,8.05
20,Hobart,AU,2022-05-23 01:41:46,-42.8794,147.3294,58.26,73,20,10.36
21,Jamestown,US,2022-05-23 01:38:26,42.097,-79.2353,51.53,93,75,4.61
22,Bredasdorp,ZA,2022-05-23 01:41:46,-34.5322,20.0403,54.14,90,21,4.47
23,Coahuayana,MX,2022-05-23 01:41:48,18.7333,-103.6833,74.82,84,31,3.29
24,Abu Samrah,SY,2022-05-23 01:41:48,35.3029,37.1841,58.91,76,7,23.73
25,Ribeira Grande,PT,2022-05-23 01:41:49,38.5167,-28.7,64.13,94,100,3.6
26,Geraldton,AU,2022-05-23 01:41:49,-28.7667,114.6,68.41,64,75,18.41
27,Severo-Kurilsk,RU,2022-05-23 01:41:49,50.6789,156.125,41.94,96,100,15.08
28,Luanda,AO,2022-05-23 01:41:50,-8.8368,13.2343,71.6,88,75,2.3
29,Hermanus,ZA,2022-05-23 01:41:50,-34.4187,19.2345,58.6,82,52,7.38
30,Upernavik,GL,2022-05-23 01:41:51,72.7868,-56.1549,31.77,82,99,21.65
31,Hovd,MN,2022-05-23 01:39:39,48.0056,91.6419,73.74,13,22,0.54
32,Yar-Sale,RU,2022-05-23 01:41:51,66.8333,70.8333,35.98,90,99,28.52
33,Ancud,CL,2022-05-23 01:41:52,-41.8697,-73.8203,48.13,75,60,17.31
34,Souillac,MU,2022-05-23 01:41:52,-20.5167,57.5167,73.78,78,40,6.91
35,Palmas,BR,2022-05-23 01:41:52,-10.2128,-48.3603,73.27,83,0,3.44
36,Moose Factory,CA,2022-05-23 01:41:53,51.2585,-80.6094,48.2,66,75,6.91
37,Codrington,AU,2022-05-23 01:41:53,-38.2667,141.9667,60.19,52,0,3.24
38,Edirne,TR,2022-05-23 01:41:53,41.6772,26.556,59.68,56,5,7.43
39,Zhireken,RU,2022-05-23 01:41:54,52.8249,117.3076,50.07,57,93,8.88
40,College,US,2022-05-23 01:41:54,64.8569,-147.8028,66.15,26,40,14.97
41,New Norfolk,AU,2022-05-23 01:41:55,-42.7826,147.0587,57.92,59,9,1.95
42,Albany,US,2022-05-23 01:37:26,42.6001,-73.9662,65.52,89,98,1.01
43,Kaitangata,NZ,2022-05-23 01:41:55,-46.2817,169.8464,50.97,70,99,17.27
44,Nouadhibou,MR,2022-05-23 01:41:56,20.931,-17.0347,64.38,94,0,16.11
45,Yellowknife,CA,2022-05-23 01:41:56,62.456,-114.3525,36.12,64,100,9.22
46,Uige,AO,2022-05-23 01:41:56,-7.6087,15.0613,62.76,97,100,2.59
47,Kirakira,SB,2022-05-23 01:41:57,-10.4544,161.9205,84.88,71,22,4.14
48,Grand Gaube,MU,2022-05-23 01:41:57,-20.0064,57.6608,73.8,76,1,5.01
49,Nadvoitsy,RU,2022-05-23 01:42:57,63.8667,34.3167,30.34,82,7,7.9
50,Meulaboh,ID,2022-05-23 01:42:58,4.1363,96.1285,80.24,81,100,2.33
51,Takoradi,GH,2022-05-23 01:42:58,4.8845,-1.7554,74.14,93,99,6.67
52,Khatanga,RU,2022-05-23 01:42:59,71.9667,102.5,34.21,73,100,10.02
53,Hanstholm,DK,2022-05-23 01:42:59,57.1167,8.6167,49.62,82,100,10.96
54,Tupancireta,BR,2022-05-23 01:42:59,-29.0806,-53.8358,49.6,90,48,6.2
55,Kathmandu,NP,2022-05-23 01:38:53,27.7167,85.3167,62.82,88,75,9.22
56,Punta Arenas,CL,2022-05-23 01:43:00,-53.15,-70.9167,30.31,93,40,6.91
57,Busselton,AU,2022-05-23 01:43:00,-33.65,115.3333,63.57,70,89,18.25
58,Mataura,NZ,2022-05-23 01:43:01,-46.1927,168.8643,50.49,75,79,9.6
59,Cidreira,BR,2022-05-23 01:43:01,-30.1811,-50.2056,58.91,79,42,7.65
60,Bousso,TD,2022-05-23 01:43:01,10.4795,16.7117,87.22,35,99,3.33
61,Longyearbyen,SJ,2022-05-23 01:43:02,78.2186,15.6401,35.44,87,75,1.14
62,Arraial Do Cabo,BR,2022-05-23 01:43:02,-22.9661,-42.0278,71.06,72,7,14.83
63,Boksitogorsk,RU,2022-05-23 01:43:02,59.474,33.8485,28.92,74,1,4.25
64,East London,ZA,2022-05-23 01:43:03,-33.0153,27.9116,59.34,80,60,3.94
65,Bima,ID,2022-05-23 01:43:03,-8.4667,118.7167,87.37,60,10,2.08
66,Qaanaaq,GL,2022-05-23 01:38:24,77.484,-69.3632,25.88,78,100,8.59
67,Muisne,EC,2022-05-23 01:43:03,0.6,-80.0333,77.61,90,99,9.42
68,Beitbridge,ZW,2022-05-23 01:43:04,-22.2167,30.0,54.23,77,0,2.62
69,Hofn,IS,2022-05-23 01:43:04,64.2539,-15.2082,44.94,65,91,11.63
70,Mar Del Plata,AR,2022-05-23 01:42:26,-38.0023,-57.5575,54.95,73,0,4.61
71,Nangomba,TZ,2022-05-23 01:43:05,-10.9,38.5,63.73,85,5,1.28
72,Saint-Philippe,RE,2022-05-23 01:43:05,-21.3585,55.7679,69.39,70,39,8.81
73,Port-Cartier,CA,2022-05-23 01:43:06,50.0334,-66.8654,52.02,97,100,7.25
74,Bluff,NZ,2022-05-23 01:43:06,-46.6,168.3333,50.81,77,99,29.53
75,Bambous Virieux,MU,2022-05-23 01:43:06,-20.3428,57.7575,73.65,78,40,6.91
76,Tual,ID,2022-05-23 01:43:07,-5.6667,132.75,83.39,76,25,16.53
77,Vaini,TO,2022-05-23 01:43:07,-21.2,-175.2,84.36,79,40,6.91
78,Lae,PG,2022-05-23 01:43:08,-6.7221,146.9847,86.67,64,39,7.38
79,Nanzhang,CN,2022-05-23 01:43:08,31.7765,111.8386,77.88,58,0,4.21
80,Chuy,UY,2022-05-23 01:43:08,-33.6971,-53.4616,51.66,82,18,5.39
81,Kapaa,US,2022-05-23 01:43:09,22.0752,-159.319,80.58,78,75,13.8
82,Tasiilaq,GL,2022-05-23 01:43:09,65.6145,-37.6368,33.96,99,100,12.53
83,Ixtapa,MX,2022-05-23 01:43:09,20.7,-105.2,78.22,78,0,9.22
84,Bonthe,SL,2022-05-23 01:43:10,7.5264,-12.505,77.56,88,100,9.75
85,Touros,BR,2022-05-23 01:43:10,-5.1989,-35.4608,74.86,92,23,11.86
86,Butaritari,KI,2022-05-23 01:43:10,3.0707,172.7902,82.35,78,67,13.73
87,Soyo,AO,2022-05-23 01:43:11,-6.1349,12.3689,73.42,83,78,6.46
88,Bengkulu,ID,2022-05-23 01:43:11,-3.8004,102.2655,81.37,76,89,1.48
89,North Bend,US,2022-05-23 01:43:11,43.4065,-124.2243,55.85,91,40,12.66
90,Ushuaia,AR,2022-05-23 01:38:24,-54.8,-68.3,33.46,80,0,0.0
91,Baytown,US,2022-05-23 01:41:03,29.7355,-94.9774,80.17,78,100,7.29
92,Esperance,AU,2022-05-23 01:43:12,-33.8667,121.9,67.37,58,15,15.86
93,Bosaso,SO,2022-05-23 01:43:12,11.2842,49.1816,84.87,48,100,4.03
94,Lebu,CL,2022-05-23 01:43:13,-37.6167,-73.65,49.23,79,100,2.44
95,Lata,PT,2022-05-23 01:43:13,40.1629,-8.3327,63.81,96,100,3.56
96,Castro-Urdiales,ES,2022-05-23 01:44:13,43.3829,-3.2204,62.62,79,88,13.62
97,Dibulla,CO,2022-05-23 01:44:14,11.2725,-73.3091,79.75,77,17,12.66
98,Bonavista,CA,2022-05-23 01:41:42,48.6499,-53.1147,49.55,87,100,15.66
99,Riyadh,SA,2022-05-23 01:42:37,24.6877,46.7219,80.74,9,0,7.67
100,Ilulissat,GL,2022-05-23 01:44:15,69.2167,-51.1,32.02,100,100,0.0
101,Atuona,PF,2022-05-23 01:44:15,-9.8,-139.0333,78.78,75,32,18.81
102,Vao,NC,2022-05-23 01:44:16,-22.6667,167.4833,75.52,83,2,12.46
103,Isangel,VU,2022-05-23 01:44:16,-19.55,169.2667,84.31,74,75,6.91
104,Cabo San Lucas,MX,2022-05-23 01:43:24,22.8909,-109.9124,79.9,47,0,8.05
105,Sioux Lookout,CA,2022-05-23 01:39:38,50.1001,-91.917,53.67,32,20,8.05
106,Elko,US,2022-05-23 01:44:17,41.0002,-115.5012,60.82,22,85,11.01
107,Henties Bay,NA,2022-05-23 01:44:17,-22.116,14.2845,64.0,43,0,5.97
108,Puerto Escondido,MX,2022-05-23 01:44:18,15.85,-97.0667,81.36,73,5,8.39
109,Port Elizabeth,ZA,2022-05-23 01:43:34,-33.918,25.5701,52.09,93,0,3.44
110,Santo Nino,PH,2022-05-23 01:44:18,6.435,124.6975,81.32,79,100,1.01
111,Gornopravdinsk,RU,2022-05-23 01:44:19,60.05,69.9,45.46,79,4,8.3
112,Juneau,US,2022-05-23 01:41:24,58.3019,-134.4197,66.2,69,75,11.5
113,Vestmannaeyjar,IS,2022-05-23 01:44:20,63.4427,-20.2734,48.79,82,2,7.61
114,Hilo,US,2022-05-23 01:43:46,19.7297,-155.09,82.27,65,100,12.66
115,Kloulklubed,PW,2022-05-23 01:44:20,7.0419,134.2556,82.9,71,100,10.0
116,Tuktoyaktuk,CA,2022-05-23 01:44:20,69.4541,-133.0374,23.0,74,100,9.22
117,Ponta Do Sol,PT,2022-05-23 01:44:21,32.6667,-17.1,66.83,70,37,6.15
118,Katsuura,JP,2022-05-23 01:44:21,35.1333,140.3,66.25,81,49,18.7
119,Srandakan,ID,2022-05-23 01:44:22,-7.9386,110.2506,83.95,68,70,4.61
120,Khvastovichi,RU,2022-05-23 01:44:22,53.4694,35.0941,32.61,87,0,5.35
121,Solnechnyy,RU,2022-05-23 01:44:22,50.7214,136.6319,54.09,50,100,5.88
122,Iracoubo,GF,2022-05-23 01:40:26,5.4802,-53.2011,75.88,89,100,4.32
123,Neuquen,AR,2022-05-23 01:40:55,-38.9516,-68.0591,51.69,66,75,5.75
124,Qaqortoq,GL,2022-05-23 01:44:23,60.7167,-46.0333,34.29,89,99,9.1
125,Buchanan,LR,2022-05-23 01:44:23,5.8808,-10.0467,75.45,94,100,6.53
126,North Battleford,CA,2022-05-23 01:44:24,52.7834,-108.2847,62.69,19,20,13.8
127,Djambala,CG,2022-05-23 01:39:30,-2.5447,14.7533,66.81,95,100,4.12
128,Mahebourg,MU,2022-05-23 01:44:24,-20.4081,57.7,73.69,78,40,6.91
129,Oarai,JP,2022-05-23 01:44:25,36.3167,140.6,66.34,73,66,5.35
130,Verkhoyansk,RU,2022-05-23 01:44:25,67.5447,133.385,50.29,60,94,6.17
131,Atamanovka,RU,2022-05-23 01:44:25,51.93,113.63,57.63,41,100,5.79
132,Cape Town,ZA,2022-05-23 01:41:21,-33.9258,18.4232,57.27,91,20,8.05
133,Xuddur,SO,2022-05-23 01:44:26,4.1213,43.8894,73.04,81,85,14.67
134,Mabaruma,GY,2022-05-23 01:40:26,8.2,-59.7833,71.64,100,100,1.81
135,Berlevag,NO,2022-05-23 01:44:26,70.8578,29.0864,39.15,81,100,6.91
136,Ambanja,MG,2022-05-23 01:44:27,-13.6833,48.45,71.83,91,89,3.49
137,Guerrero Negro,MX,2022-05-23 01:43:16,27.9769,-114.0611,61.16,73,0,18.1
138,Kavieng,PG,2022-05-23 01:44:27,-2.5744,150.7967,85.71,63,75,16.02
139,Tura,IN,2022-05-23 01:44:28,25.5198,90.2201,78.96,81,4,3.87
140,Oranjemund,NA,2022-05-23 01:44:28,-28.55,16.4333,58.01,64,14,4.03
141,Cap-Aux-Meules,CA,2022-05-23 01:45:28,47.3821,-61.8597,60.85,94,100,19.57
142,Ilorin,NG,2022-05-23 01:45:29,8.5,4.55,77.36,88,0,5.75
143,Zabaykalsk,RU,2022-05-23 01:45:29,49.6333,117.3167,66.69,40,92,21.77
144,Puerto Lempira,HN,2022-05-23 01:45:30,15.2667,-83.7667,78.22,84,100,10.2
145,Tokonou,GN,2022-05-23 01:45:30,9.65,-9.7833,70.43,88,82,3.8
146,Port Alfred,ZA,2022-05-23 01:45:31,-33.5906,26.891,59.59,78,68,5.64
147,Loikaw,MM,2022-05-23 01:45:31,19.6742,97.2094,76.77,73,91,3.29
148,Ardmore,US,2022-05-23 01:45:31,34.1743,-97.1436,61.47,71,0,6.91
149,Kodiak,US,2022-05-23 01:45:32,57.79,-152.4072,47.71,81,100,21.85
150,San Antonio,US,2022-05-23 01:40:52,29.4241,-98.4936,82.92,57,40,9.22
151,Nsanje,MW,2022-05-23 01:45:32,-16.92,35.262,67.95,95,21,4.81
152,Shaoyang,CN,2022-05-23 01:45:33,27.2315,111.4525,62.28,93,100,2.26
153,Faanui,PF,2022-05-23 01:45:33,-16.4833,-151.75,81.12,69,7,14.07
154,San Patricio,US,2022-05-23 01:45:33,28.017,-97.5169,81.54,77,46,10.09
155,Dikson,RU,2022-05-23 01:44:38,73.5069,80.5464,24.82,88,81,11.97
156,Salina Cruz,MX,2022-05-23 01:41:35,16.1667,-95.2,81.66,71,0,10.45
157,Maromitsa,RU,2022-05-23 01:45:34,59.8683,48.0123,30.96,97,100,7.31
158,Coquimbo,CL,2022-05-23 01:43:16,-29.9533,-71.3436,55.13,94,0,6.91
159,Victoria,HK,2022-05-23 01:45:34,22.2855,114.1577,79.18,91,99,15.99
160,Shelburne,CA,2022-05-23 01:45:18,44.0787,-80.2041,45.36,79,100,9.13
161,Sobolevo,RU,2022-05-23 01:45:35,54.4299,31.8996,36.03,82,15,4.16
162,Laguna,US,2022-05-23 01:45:35,38.421,-121.4238,90.14,14,0,12.66
163,Camana,PE,2022-05-23 01:45:36,-16.6228,-72.7111,65.03,82,36,7.07
164,Manokwari,ID,2022-05-23 01:45:36,-0.8667,134.0833,84.38,69,70,9.69
165,Lompoc,US,2022-05-23 01:44:09,34.6391,-120.4579,66.78,74,0,21.99
166,Ozinki,RU,2022-05-23 01:45:37,51.1786,49.6769,44.64,95,100,6.62
167,Hambantota,LK,2022-05-23 01:45:37,6.1241,81.1185,79.14,100,20,9.22
168,Karratha,AU,2022-05-23 01:45:38,-20.7377,116.8463,73.89,74,100,6.13
169,Ulety,RU,2022-05-23 01:45:38,51.3572,112.4849,56.57,58,100,8.19
170,Trincomalee,LK,2022-05-23 01:45:38,8.5711,81.2335,82.2,78,23,21.54
171,Dingle,PH,2022-05-23 01:45:39,10.9995,122.6711,86.83,65,94,7.85
172,Hirara,JP,2022-05-23 01:45:39,24.8,125.2833,79.07,83,75,12.66
173,Paciran,ID,2022-05-23 01:45:39,-6.8767,112.3761,84.76,71,43,14.67
174,Benguela,AO,2022-05-23 01:45:40,-12.5763,13.4055,68.14,76,7,2.57
175,Uruguaiana,BR,2022-05-23 01:44:50,-29.7547,-57.0883,55.33,88,0,4.61
176,Bac Lieu,VN,2022-05-23 01:45:15,9.285,105.7244,82.51,76,100,15.68
177,Awjilah,LY,2022-05-23 01:45:40,29.1081,21.2869,66.97,33,0,5.03
178,Bethel,US,2022-05-23 01:45:41,41.3712,-73.414,73.27,91,20,1.01
179,Safaga,EG,2022-05-23 01:45:41,26.7292,33.9365,73.78,41,0,18.37
180,Porto Murtinho,BR,2022-05-23 01:45:42,-21.6989,-57.8825,69.26,39,97,4.23
181,Preobrazheniye,RU,2022-05-23 01:45:42,42.9019,133.9064,55.08,76,66,11.21
182,Anadyr,RU,2022-05-23 01:45:42,64.75,177.4833,54.1,58,0,15.66
183,Dashitou,CN,2022-05-23 01:45:43,43.3067,128.5114,75.13,32,11,5.53
184,Katrineholm,SE,2022-05-23 01:45:43,58.9959,16.2072,43.74,62,13,4.21
185,Salym,RU,2022-05-23 01:45:44,60.0625,71.4789,46.56,76,12,8.55
186,Monaghan,IE,2022-05-23 01:45:44,54.25,-6.9667,49.39,98,99,6.06
187,Grindavik,IS,2022-05-23 01:46:45,63.8424,-22.4338,46.35,93,0,3.44
188,Talcahuano,CL,2022-05-23 01:45:15,-36.7167,-73.1167,51.48,93,100,3.44
189,Hjelset,NO,2022-05-23 01:46:45,62.7833,7.4833,51.58,76,20,10.36
190,Port Lincoln,AU,2022-05-23 01:46:46,-34.7333,135.8667,65.82,63,21,12.17
191,Srivardhan,IN,2022-05-23 01:46:46,18.0333,73.0167,86.16,68,15,6.69
192,Dartford,GB,2022-05-23 01:46:46,51.4435,0.2196,59.02,76,100,5.75
193,Dali,CN,2022-05-23 01:46:47,25.7,100.1833,64.6,83,95,1.32
194,Tarauaca,BR,2022-05-23 01:46:47,-8.1614,-70.7656,70.95,93,72,1.5
195,Barrow,US,2022-05-23 01:46:48,71.2906,-156.7887,24.82,80,100,11.5
196,Portland,US,2022-05-23 01:43:55,45.5234,-122.6762,73.44,37,100,6.91
197,Musoma,TZ,2022-05-23 01:46:48,-1.5,33.8,69.1,81,99,4.45
198,Goundi,TD,2022-05-23 01:46:49,9.3627,17.366,83.73,47,100,4.94
199,Georgetown,MY,2022-05-23 01:45:16,5.4112,100.3354,87.73,82,20,5.01
200,Olafsvik,IS,2022-05-23 01:46:49,64.8945,-23.7142,41.63,68,0,11.3
201,Nikolskoye,RU,2022-05-23 01:46:50,59.7035,30.7861,44.87,57,94,2.98
202,Tiksi,RU,2022-05-23 01:46:50,71.6872,128.8694,32.0,90,7,3.98
203,Nargana,PA,2022-05-23 01:46:50,9.4428,-78.5906,81.34,83,93,4.76
204,Chokurdakh,RU,2022-05-23 01:46:52,70.6333,147.9167,33.31,100,100,6.76
205,Alihe,CN,2022-05-23 01:46:52,50.5667,123.7167,62.56,44,56,9.57
206,Krasnoselkup,RU,2022-05-23 01:46:52,65.7,82.4667,58.69,54,8,16.22
207,Port Hedland,AU,2022-05-23 01:46:53,-20.3167,118.5667,82.45,83,40,4.61
208,Narsaq,GL,2022-05-23 01:46:53,60.9167,-46.05,37.62,94,97,7.27
209,Norman Wells,CA,2022-05-23 01:46:54,65.282,-126.8329,44.64,65,75,11.5
210,Emba,KZ,2022-05-23 01:46:54,48.8264,58.1442,57.6,66,98,18.7
211,Boddam,GB,2022-05-23 01:46:54,57.4667,-1.7833,50.38,92,14,7.7
212,Onalaska,US,2022-05-23 01:46:55,43.8844,-91.2351,55.26,38,100,5.75
213,Alice Springs,AU,2022-05-23 01:45:54,-23.7,133.8833,69.22,32,43,8.05
214,Port Hardy,CA,2022-05-23 01:45:18,50.6996,-127.4199,51.98,76,100,3.44
215,Taltal,CL,2022-05-23 01:46:55,-25.4,-70.4833,63.1,69,1,4.56
216,Pevek,RU,2022-05-23 01:46:56,69.7008,170.3133,36.25,91,72,6.91
217,Provideniya,RU,2022-05-23 01:46:56,64.3833,-173.3,53.71,54,0,11.01
218,Mount Hagen,PG,2022-05-23 01:46:56,-5.8581,144.2274,68.76,73,20,4.61
219,Rocha,UY,2022-05-23 01:44:06,-34.4833,-54.3333,48.67,89,88,5.21
220,Vera Cruz,BR,2022-05-23 01:46:57,-12.6333,-41.0333,67.57,78,1,2.08
221,Kautokeino,NO,2022-05-23 01:46:59,69.0125,23.0412,34.83,99,100,1.12
222,Esik,KZ,2022-05-23 01:46:59,43.3552,77.4525,47.62,80,100,3.02
223,Tucumcari,US,2022-05-23 01:46:59,35.1717,-103.725,66.04,27,0,20.71
224,Camabatela,AO,2022-05-23 01:47:00,-8.1881,15.375,57.92,92,96,2.93
225,Hutchinson,US,2022-05-23 01:44:54,38.0608,-97.9298,62.55,34,0,10.36
226,Jalu,LY,2022-05-23 01:47:01,29.0331,21.5482,67.32,33,0,5.93
227,Newtownards,GB,2022-05-23 01:47:01,54.5924,-5.6909,52.54,82,75,10.36
228,Mwinilunga,ZM,2022-05-23 01:47:01,-11.7358,24.4293,53.24,69,97,4.25
229,Bitkine,TD,2022-05-23 01:47:02,11.9801,18.2138,87.44,15,87,8.16
230,Sur,OM,2022-05-23 01:44:34,22.5667,59.5289,90.7,43,6,9.6
231,Trinidad,BO,2022-05-23 01:47:03,-14.8333,-64.9,67.53,92,85,2.42
232,Sovetskiy,RU,2022-05-23 01:47:03,61.3614,63.5842,37.42,84,92,10.58
233,Seoul,KR,2022-05-23 01:42:12,37.5683,126.9778,74.77,58,40,4.61
234,Cianorte,BR,2022-05-23 01:47:03,-23.6633,-52.605,53.01,71,93,4.29
235,Millinocket,US,2022-05-23 01:48:04,45.6573,-68.7098,67.41,100,75,4.61
236,Buala,SB,2022-05-23 01:48:05,-8.145,159.5921,85.42,69,35,4.74
237,Wanaka,NZ,2022-05-23 01:48:06,-44.7,169.15,54.16,50,0,3.83
238,Nelson Bay,AU,2022-05-23 01:48:06,-32.7167,152.15,67.1,70,100,1.99
239,Bandarban,BD,2022-05-23 01:48:07,22.1965,92.2262,74.91,84,98,1.99
240,Basoko,CD,2022-05-23 01:48:07,1.2391,23.616,70.86,92,97,1.74
241,Derzhavinsk,KZ,2022-05-23 01:48:07,51.1,66.3167,50.68,59,100,22.24
242,Lavrentiya,RU,2022-05-23 01:48:08,65.5833,-171.0,40.46,79,99,3.02
243,Andenes,NO,2022-05-23 01:48:08,69.3143,16.1194,44.58,93,100,3.44
244,Rio Grande,BR,2022-05-23 01:44:47,-32.035,-52.0986,57.13,82,0,9.19
245,Praxedis Guerrero,MX,2022-05-23 01:48:09,31.3667,-106.0167,72.86,38,100,12.86
246,Suileng,CN,2022-05-23 01:48:09,47.25,127.0833,77.63,28,13,15.28
247,Beloha,MG,2022-05-23 01:48:09,-25.1667,45.05,63.05,93,3,5.82
248,Khandbari,NP,2022-05-23 01:48:10,27.3747,87.2039,74.79,55,50,2.13
249,Daru,PG,2022-05-23 01:48:10,-9.0763,143.2092,84.79,69,42,12.8
250,North Bay,CA,2022-05-23 01:48:11,46.3168,-79.4663,51.94,93,100,4.61
251,Parkersburg,US,2022-05-23 01:46:02,39.2667,-81.5615,65.01,75,100,4.61
252,Ca Mau,VN,2022-05-23 01:48:11,9.1769,105.15,82.44,78,100,13.4
253,Sri Aman,MY,2022-05-23 01:48:12,1.2376,111.4621,84.25,84,20,3.44
254,Aklavik,CA,2022-05-23 01:48:12,68.2191,-135.0107,36.34,57,99,10.94
255,Muli,MV,2022-05-23 01:48:13,2.9167,73.5667,83.34,73,64,13.4
256,Caravelas,BR,2022-05-23 01:48:13,-17.7125,-39.2481,68.94,81,72,6.04
257,Cayenne,GF,2022-05-23 01:48:13,4.9333,-52.3333,82.09,1,100,2.3
258,Opuwo,NA,2022-05-23 01:48:14,-18.0607,13.84,52.93,25,0,6.04
259,Wadi Maliz,TN,2022-05-23 01:48:14,36.4681,8.5495,62.26,29,0,2.33
260,Saint Anthony,US,2022-05-23 01:48:15,45.0205,-93.218,55.29,49,20,5.75
261,Makakilo City,US,2022-05-23 01:48:15,21.3469,-158.0858,84.52,52,40,16.11
262,Hokitika,NZ,2022-05-23 01:48:15,-42.7167,170.9667,53.51,60,0,2.89
263,Sao Filipe,CV,2022-05-23 01:48:16,14.8961,-24.4956,71.6,74,14,7.0
264,Warman,CA,2022-05-23 01:48:16,52.3168,-106.5679,60.71,19,75,18.41
265,Sept-Iles,CA,2022-05-23 01:48:17,50.2001,-66.3821,52.32,95,100,6.91
266,Sitka,US,2022-05-23 01:47:11,57.0531,-135.33,53.49,66,100,5.75
267,Alofi,NU,2022-05-23 01:48:17,-19.0595,-169.9187,82.29,74,6,8.05
268,Nanortalik,GL,2022-05-23 01:47:08,60.1432,-45.2371,34.43,92,74,10.56
269,Kingsland,US,2022-05-23 01:43:18,30.8,-81.6898,80.53,97,98,2.93
270,Guilin,CN,2022-05-23 01:48:18,25.2819,110.2864,66.31,98,100,4.18
271,Bandarbeyla,SO,2022-05-23 01:48:18,9.4942,50.8122,79.95,82,100,17.63
272,Sao Joao Da Barra,BR,2022-05-23 01:44:17,-21.6403,-41.0511,69.71,72,21,7.52
273,Ketchikan,US,2022-05-23 01:48:19,55.3422,-131.6461,50.47,80,100,10.02
274,Zabol,AF,2022-05-23 01:48:19,32.25,67.25,59.65,13,0,4.81
275,Constitucion,CL,2022-05-23 01:48:20,-35.3333,-72.4167,51.8,93,100,10.87
276,Nuqui,CO,2022-05-23 01:48:20,5.7125,-77.2708,79.18,88,100,3.98
277,Kabinda,CD,2022-05-23 01:48:20,-6.1333,24.4833,69.31,71,100,2.08
278,Yozgat,TR,2022-05-23 01:48:21,39.5833,35.3333,48.97,76,63,2.37
279,Fairbanks,US,2022-05-23 01:47:10,64.8378,-147.7164,67.6,26,0,14.97
280,Carnarvon,AU,2022-05-23 01:45:46,-24.8667,113.6333,72.16,54,17,16.46
281,Inhambane,MZ,2022-05-23 01:49:21,-23.865,35.3833,66.97,94,97,4.52
282,Kushima,JP,2022-05-23 01:49:22,31.4583,131.2333,75.65,51,100,2.57
283,Eureka,US,2022-05-23 01:45:17,40.8021,-124.1637,58.19,84,100,5.99
284,Tooele,US,2022-05-23 01:49:22,40.5308,-112.2983,55.65,67,86,16.75
285,Liwale,TZ,2022-05-23 01:49:23,-9.7667,37.9333,62.29,83,25,2.48
286,Bilma,NE,2022-05-23 01:49:23,18.6853,12.9164,83.75,12,77,4.25
287,Morro Bay,US,2022-05-23 01:49:23,35.3658,-120.8499,73.94,80,17,8.99
288,Pavilosta,LV,2022-05-23 01:49:24,56.8879,21.1859,44.51,75,70,3.53
289,San Luis,AR,2022-05-23 01:47:50,-33.295,-66.3356,54.3,48,34,6.35
290,Sveti Nikole,MK,2022-05-23 01:49:24,41.8696,21.9527,50.85,86,8,3.18
291,Erzin,TR,2022-05-23 01:49:25,36.9559,36.2,60.12,89,55,7.2
292,Leningradskiy,RU,2022-05-23 01:47:01,69.3833,178.4167,38.35,89,32,2.71
293,Gumdag,TM,2022-05-23 01:49:25,39.2061,54.5906,68.4,34,68,15.46
294,Itoman,JP,2022-05-23 01:49:26,26.1247,127.6694,75.22,86,100,12.66
295,Pisco,PE,2022-05-23 01:49:26,-13.7,-76.2167,63.01,88,75,5.75
296,Santiago,CL,2022-05-23 01:45:23,-33.4569,-70.6483,65.25,59,100,5.75
297,Pringsewu,ID,2022-05-23 01:49:27,-5.3582,104.9744,82.38,76,46,1.3
298,Anjar,IN,2022-05-23 01:49:27,23.1333,70.0167,83.68,69,26,25.61
299,Arlit,NE,2022-05-23 01:49:27,18.7369,7.3853,83.48,31,99,8.75
300,Inuvik,CA,2022-05-23 01:49:28,68.3499,-133.7218,32.76,55,40,11.5
301,Kayes,ML,2022-05-23 01:49:28,14.0,-11.0,88.38,21,27,3.62
302,Okoneshnikovo,RU,2022-05-23 01:49:28,54.8377,75.0834,53.04,53,7,16.71
303,Komsomolskiy,UZ,2022-05-23 01:49:29,40.4272,71.7189,56.12,76,100,2.3
304,Eyl,SO,2022-05-23 01:49:29,7.9803,49.8164,81.09,73,85,16.2
305,Mbanza-Ngungu,CD,2022-05-23 01:49:29,-5.25,14.8667,64.29,97,91,5.41
306,Tuatapere,NZ,2022-05-23 01:49:30,-46.1333,167.6833,52.75,68,46,11.36
307,Panama City,PA,2022-05-23 01:45:21,8.9936,-79.5197,81.28,90,75,6.91
308,Vadso,NO,2022-05-23 01:49:30,70.0744,29.7487,38.28,93,100,6.91
309,Kamenka,RU,2022-05-23 01:49:31,51.3223,42.7678,43.14,94,100,10.94
310,Ati,TD,2022-05-23 01:49:31,13.2154,18.3353,85.33,14,90,15.23
311,Hasaki,JP,2022-05-23 01:49:31,35.7333,140.8333,66.6,78,75,11.79
312,Ostrovnoy,RU,2022-05-23 01:49:32,68.0531,39.5131,30.9,71,78,13.49
313,Samarai,PG,2022-05-23 01:49:32,-10.6167,150.6667,82.96,73,16,8.95
314,Necochea,AR,2022-05-23 01:46:55,-38.5473,-58.7368,52.47,52,100,6.62
315,Udankudi,IN,2022-05-23 01:49:33,8.4333,78.0167,82.58,68,59,9.28
316,Inta,RU,2022-05-23 01:49:33,66.0317,60.1659,37.22,87,100,21.39
317,Jining,CN,2022-05-23 01:49:33,35.405,116.5814,86.97,22,6,8.97
318,Avera,US,2022-05-23 01:49:34,33.194,-82.5271,75.25,68,100,7.49
319,Atar,MR,2022-05-23 01:49:34,20.5169,-13.0499,86.43,21,2,5.12
320,Lorengau,PG,2022-05-23 01:49:27,-2.0226,147.2712,85.96,63,98,13.6
321,Pionerskiy,RU,2022-05-23 01:49:35,54.9508,20.2275,48.04,82,89,10.58
322,Luderitz,NA,2022-05-23 01:49:35,-26.6481,15.1594,60.24,56,15,6.35
323,Vila Velha,BR,2022-05-23 01:49:35,-20.3297,-40.2925,67.95,88,75,3.44
324,Cap Malheureux,MU,2022-05-23 01:49:36,-19.9842,57.6142,71.47,77,1,4.0
325,Kruisfontein,ZA,2022-05-23 01:49:36,-34.0033,24.7314,54.45,77,97,3.94
326,Gazojak,TM,2022-05-23 01:49:37,41.1875,61.4036,66.65,34,0,9.8
327,Freeport,US,2022-05-23 01:49:32,40.6576,-73.5832,77.99,72,0,4.61
328,Axim,GH,2022-05-23 01:50:37,4.8699,-2.2405,75.52,88,100,4.65
329,Diffa,NE,2022-05-23 01:50:38,13.3154,12.6113,82.98,18,6,8.19
330,Carauari,BR,2022-05-23 01:50:38,-4.8828,-66.8958,71.91,97,75,0.09
331,Ravar,IR,2022-05-23 01:50:38,31.2656,56.8055,67.87,14,0,2.37
332,Saldanha,ZA,2022-05-23 01:45:52,-33.0117,17.9442,48.25,90,99,1.68
333,Jiuquan,CN,2022-05-23 01:50:40,39.7432,98.5174,74.28,23,11,9.57
334,Sisimiut,GL,2022-05-23 01:50:41,66.9395,-53.6735,33.15,82,100,23.53
335,Yarada,IN,2022-05-23 01:50:41,17.65,83.2667,86.32,74,20,2.3
336,Filadelfia,US,2022-05-23 01:50:38,39.9523,-75.1638,76.14,78,75,12.66
337,Inirida,CO,2022-05-23 01:50:41,3.8653,-67.9239,73.13,97,100,2.64
338,Zhangye,CN,2022-05-23 01:50:42,38.9342,100.4517,80.83,16,2,9.6
339,Natalio,PY,2022-05-23 01:50:42,-26.7167,-55.0833,53.82,85,99,1.39
340,Kulhudhuffushi,MV,2022-05-23 01:50:43,6.6221,73.07,83.68,76,77,14.94
341,Toledo,ES,2022-05-23 01:50:43,39.8333,-4.0,57.99,83,2,7.49
342,Torrijos,ES,2022-05-23 01:50:43,39.9819,-4.2835,56.3,91,4,5.84
343,Coihaique,CL,2022-05-23 01:50:44,-45.5752,-72.0662,35.55,87,100,8.05
344,Gazanjyk,TM,2022-05-23 01:50:44,39.2446,55.5154,68.22,35,62,11.92
345,Flores Da Cunha,BR,2022-05-23 01:50:45,-29.0289,-51.1817,50.81,94,95,2.55
346,Baoding,CN,2022-05-23 01:50:45,38.8511,115.4903,87.19,28,91,10.69
347,Ugoofaaru,MV,2022-05-23 01:50:46,5.6667,73.0,83.35,76,54,13.82
348,Tarrafal,CV,2022-05-23 01:50:46,15.2833,-23.7667,72.39,77,30,10.36
349,Svetlogorsk,BY,2022-05-23 01:50:46,52.6333,29.7333,41.11,89,99,5.99
350,Akdepe,TM,2022-05-23 01:50:47,42.0551,59.3788,59.09,42,0,13.94
351,Ahipara,NZ,2022-05-23 01:50:47,-35.1667,173.1667,62.04,68,100,12.86
352,Roma,US,2022-05-23 01:47:56,43.2128,-75.4557,56.95,90,100,9.22
353,Imbituba,BR,2022-05-23 01:50:52,-28.24,-48.6703,61.86,99,100,4.34
354,Cusuna,HN,2022-05-23 01:50:52,15.85,-85.2333,75.81,86,100,7.34
355,Clearlake,US,2022-05-23 01:50:53,38.9582,-122.6264,80.15,32,43,7.29
356,Sikonge,TZ,2022-05-23 01:50:53,-5.6333,32.7667,64.09,68,88,3.24
357,Pingliang,CN,2022-05-23 01:50:53,35.5392,106.6861,70.92,52,77,6.29
358,San Quintin,MX,2022-05-23 01:50:54,30.4833,-115.95,62.19,72,0,11.72
359,Gushikawa,JP,2022-05-23 01:50:54,26.3544,127.8686,74.43,86,0,11.5
360,Korla,CN,2022-05-23 01:50:54,41.7597,86.1469,80.53,20,100,17.47
361,Chokwe,MZ,2022-05-23 01:50:55,-24.5333,32.9833,58.12,97,63,5.55
362,Manggar,ID,2022-05-23 01:50:55,-2.8833,108.2667,85.86,69,59,7.56
363,Udachnyy,RU,2022-05-23 01:50:56,66.4167,112.4,57.45,40,100,16.31
364,Kutum,SD,2022-05-23 01:50:56,14.2,24.6667,72.07,22,12,6.49
365,Lasa,IT,2022-05-23 01:50:56,46.6166,10.7002,59.88,75,92,2.68
366,Merelbeke,BE,2022-05-23 01:50:57,50.9945,3.7462,62.19,72,100,2.01
367,Athabasca,CA,2022-05-23 01:50:57,54.7169,-113.2854,64.81,56,93,0.83
368,Borzya,RU,2022-05-23 01:50:58,50.3833,116.5167,62.98,38,98,17.67
369,Pierre,US,2022-05-23 01:50:58,44.3683,-100.351,58.12,40,0,7.0
370,Beira,MZ,2022-05-23 01:50:59,-19.8436,34.8389,71.69,100,40,5.75
371,Havoysund,NO,2022-05-23 01:49:28,70.9963,24.6622,44.83,83,18,3.56
372,Ashington,GB,2022-05-23 01:51:59,50.9331,-0.3909,57.43,86,100,4.32
373,Pacific Grove,US,2022-05-23 01:52:00,36.6177,-121.9166,66.54,76,0,11.5
374,Gualaquiza,EC,2022-05-23 01:52:00,-3.4,-78.55,63.07,99,57,1.19
375,Shuya,RU,2022-05-23 01:52:00,56.8487,41.3883,29.35,92,45,6.69
376,Clyde River,CA,2022-05-23 01:52:01,70.4692,-68.5914,19.63,86,100,20.71
377,Conceicao Do Araguaia,BR,2022-05-23 01:52:02,-8.2578,-49.2647,77.18,66,100,1.48
378,Irbil,IQ,2022-05-23 01:52:02,36.1926,44.0106,77.85,21,100,4.79
379,Yerbogachen,RU,2022-05-23 01:51:47,61.2767,108.0108,59.85,62,63,4.32
380,Acajutla,SV,2022-05-23 01:52:02,13.5928,-89.8275,80.33,82,92,6.02
381,Ballina,AU,2022-05-23 01:52:03,-28.8667,153.5667,63.79,80,100,11.83
382,Alexandria,EG,2022-05-23 01:51:49,31.2156,29.9553,66.16,82,0,10.36
383,Siavonga,ZM,2022-05-23 01:52:04,-16.5382,28.7088,63.25,44,7,7.56
384,Bubaque,GW,2022-05-23 01:52:04,11.2833,-15.8333,77.9,74,13,13.42
385,Deputatskiy,RU,2022-05-23 01:52:05,69.3,139.9,33.3,95,14,2.13
386,Owosso,US,2022-05-23 01:52:05,42.9978,-84.1766,55.8,61,0,6.91
387,Kenai,US,2022-05-23 01:52:06,60.5544,-151.2583,70.03,24,0,13.8
388,Aberdeen,GB,2022-05-23 01:52:06,57.1437,-2.0981,50.49,87,18,9.22
389,Saint George,US,2022-05-23 01:47:39,37.1041,-113.5841,84.94,10,0,17.27
390,Moron,AR,2022-05-23 01:52:07,-34.6534,-58.6198,59.97,81,73,6.06
391,Batsfjord,NO,2022-05-23 01:52:07,70.6345,29.7185,39.13,96,100,6.82
392,Iqaluit,CA,2022-05-23 01:52:07,63.7506,-68.5145,22.73,85,100,19.57
393,Lazarev,RU,2022-05-23 01:52:08,52.225,141.5131,33.85,92,99,3.29
394,Manoel Urbano,BR,2022-05-23 01:52:08,-8.8389,-69.2597,75.88,70,98,2.19
395,Kamaishi,JP,2022-05-23 01:52:09,39.2667,141.8833,55.87,91,100,1.63
396,Komsomolsk,UA,2022-05-23 01:52:09,49.0097,33.6455,44.98,95,27,5.79
397,Nantai,CN,2022-05-23 01:49:20,40.9241,122.8044,86.7,27,15,9.8
398,Terra Santa,BR,2022-05-23 01:52:10,-2.1042,-56.4869,72.97,96,11,3.0
399,Gold Coast,AU,2022-05-23 01:52:10,-28.0,153.4333,71.01,90,75,8.05
400,Klaksvik,FO,2022-05-23 01:52:10,62.2266,-6.589,47.32,89,44,9.37
401,Hamilton,US,2022-05-23 01:51:44,39.1834,-84.5333,63.45,71,100,5.75
402,Beringovskiy,RU,2022-05-23 01:52:11,63.05,179.3167,43.16,71,84,11.34
403,High Level,CA,2022-05-23 01:52:11,58.5169,-117.136,55.51,35,75,5.75
404,Mount Gambier,AU,2022-05-23 01:52:12,-37.8333,140.7667,62.42,49,0,5.12
405,Praia,CV,2022-05-23 01:50:18,14.9215,-23.5087,72.14,78,40,9.22
406,Camacha,PT,2022-05-23 01:52:12,33.0833,-16.3333,62.02,72,40,10.36
407,Andover,GB,2022-05-23 01:52:13,51.2083,-1.4825,54.1,89,90,4.18
408,Kysyl-Syr,RU,2022-05-23 01:52:13,63.8986,122.7617,58.55,36,56,5.7
409,Te Anau,NZ,2022-05-23 01:50:37,-45.4167,167.7167,50.81,65,2,3.2
410,Tucuman,AR,2022-05-23 01:51:04,-26.8241,-65.2226,51.8,93,0,4.61
411,Kostomuksha,RU,2022-05-23 01:52:14,64.571,30.5767,33.69,78,100,5.61
412,San Lawrenz,MT,2022-05-23 01:52:14,36.0553,14.204,66.85,93,0,7.38
413,Edson,CA,2022-05-23 01:53:15,53.5835,-116.4356,62.74,25,20,9.22
414,Baghdad,IQ,2022-05-23 01:53:15,33.3406,44.4009,82.31,23,20,14.97
415,Chifeng,CN,2022-05-23 01:53:15,42.2683,118.9636,80.73,26,47,3.44
416,Port-Gentil,GA,2022-05-23 01:53:16,-0.7193,8.7815,77.61,80,85,15.93
417,Zambezi,ZM,2022-05-23 01:53:16,-13.5432,23.1047,49.89,39,5,6.06
418,Zorgo,BF,2022-05-23 01:53:17,12.2489,-0.6158,82.63,56,100,6.46
419,Rincon,US,2022-05-23 01:53:17,32.296,-81.2354,70.86,97,100,8.99
420,Pelym,RU,2022-05-23 01:53:18,61.0108,61.9978,36.48,87,38,9.13
421,Kinsale,IE,2022-05-23 01:53:18,51.7075,-8.5306,49.37,87,75,5.75
422,Barabai,ID,2022-05-23 01:53:18,-2.5833,115.3833,86.34,66,56,2.33
423,Itarema,BR,2022-05-23 01:53:19,-2.9248,-39.9167,75.4,87,9,8.12
424,Kahului,US,2022-05-23 01:51:44,20.8947,-156.47,87.82,42,20,26.46
425,Jinzhou,CN,2022-05-23 01:53:19,41.1078,121.1417,82.6,32,15,8.61
426,Pinega,RU,2022-05-23 01:53:20,64.7001,43.3936,30.04,73,100,14.27
427,Cherskiy,RU,2022-05-23 01:53:20,68.75,161.3,57.69,35,100,17.31
428,Beirut,LB,2022-05-23 01:50:00,33.8889,35.4944,68.74,78,40,21.85
429,Trat,TH,2022-05-23 01:52:16,12.5,102.5,81.91,92,100,9.01
430,Tabuk,PH,2022-05-23 01:53:21,17.4189,121.4443,83.77,75,100,5.12
431,Kajaani,FI,2022-05-23 01:53:21,64.2273,27.7285,42.85,81,0,3.44
432,Lincoln,US,2022-05-23 01:50:25,40.8,-96.667,64.31,59,0,5.75
433,Flinders,AU,2022-05-23 01:53:22,-34.5833,150.8552,65.17,84,97,5.01
434,Buraydah,SA,2022-05-23 01:53:22,26.326,43.975,86.45,10,0,11.72
435,Comodoro Rivadavia,AR,2022-05-23 01:53:22,-45.8667,-67.5,46.26,46,0,14.97
436,Miri,MY,2022-05-23 01:49:14,4.4148,114.0089,84.34,79,20,6.91
437,Porto Novo,BJ,2022-05-23 01:53:23,6.4965,2.6036,78.62,90,99,3.62
438,Kyren,RU,2022-05-23 01:53:23,51.6828,102.1408,64.54,54,80,2.3
439,Mountain Home,US,2022-05-23 01:53:24,43.133,-115.6912,63.88,22,0,17.27
440,Poum,NC,2022-05-23 01:53:24,-20.2333,164.0167,76.71,81,14,22.35
441,Chirongui,YT,2022-05-23 01:53:25,-12.9319,45.1483,80.53,70,73,1.92
442,Sandusky,US,2022-05-23 01:49:53,41.3501,-83.1332,60.76,56,93,7.0
443,Martapura,ID,2022-05-23 01:53:25,-3.4167,114.85,82.49,83,20,8.05
444,Narsingi,IN,2022-05-23 01:53:26,18.0333,78.4333,82.53,54,5,18.01
445,Komatipoort,ZA,2022-05-23 01:53:26,-25.4332,31.9548,59.05,95,91,6.2
446,Namibe,AO,2022-05-23 01:53:27,-15.1961,12.1522,68.36,67,2,4.23
447,Buckeye,US,2022-05-23 01:53:27,33.3703,-112.5838,94.51,10,0,6.91
448,Sarangani,PH,2022-05-23 01:53:28,5.4033,125.4636,82.8,72,100,1.83
449,Dalby,AU,2022-05-23 01:53:28,-27.1833,151.2667,66.97,65,100,3.0
450,Gliwice,PL,2022-05-23 01:53:29,50.2976,18.6766,49.84,87,12,1.01
451,Atasu,KZ,2022-05-23 01:48:32,48.6814,71.6433,54.39,38,0,11.3
452,Pingyi,CN,2022-05-23 01:53:29,35.5006,117.6308,84.0,25,3,7.74
453,Gizo,SB,2022-05-23 01:53:29,-8.103,156.8419,84.24,69,23,2.77
454,Port Hueneme,US,2022-05-23 01:54:30,34.1478,-119.1951,73.45,74,0,8.05
455,Byron Bay,AU,2022-05-23 01:54:30,-28.65,153.6167,63.72,80,100,11.1
456,Flin Flon,CA,2022-05-23 01:50:36,54.7682,-101.865,53.56,43,100,7.11
457,San Jose,US,2022-05-23 01:49:31,37.3394,-121.895,78.58,46,20,19.57
458,Rock Sound,BS,2022-05-23 01:54:31,24.9,-76.2,79.02,82,64,18.61
459,Pietermaritzburg,ZA,2022-05-23 01:54:31,-29.6168,30.3928,51.46,95,49,3.87
460,Noumea,NC,2022-05-23 01:49:45,-22.2763,166.4572,78.01,99,77,17.2
461,Dhandhuka,IN,2022-05-23 01:54:32,22.3667,71.9833,84.92,64,0,17.69
462,Richards Bay,ZA,2022-05-23 01:52:52,-28.783,32.0377,62.55,91,100,15.17
463,Ouallam,NE,2022-05-23 01:54:32,14.3188,2.0866,85.12,43,100,15.93
464,Pascagoula,US,2022-05-23 01:54:33,30.3658,-88.5561,73.44,97,100,3.8
465,Podor,MR,2022-05-23 01:54:33,16.6527,-14.9587,70.23,72,4,13.89
466,Arcata,US,2022-05-23 01:54:34,40.8665,-124.0828,57.2,84,100,5.01
467,Santa Cruz,BO,2022-05-23 01:54:01,-17.8,-63.1667,69.26,83,75,3.44
468,Gelemso,ET,2022-05-23 01:54:34,8.8167,40.5167,61.43,68,100,4.61
469,Nome,US,2022-05-23 01:54:34,64.5011,-165.4064,68.11,28,100,6.91
470,Tema,GH,2022-05-23 01:54:35,5.667,-0.0166,77.41,88,0,3.44
471,Bojnurd,IR,2022-05-23 01:54:35,37.4747,57.329,49.95,62,0,6.91
472,Gloversville,US,2022-05-23 01:50:13,43.0528,-74.3438,63.18,96,100,9.22
473,Mudon,MM,2022-05-23 01:54:36,16.2578,97.7164,82.92,78,100,8.03
474,Maningrida,AU,2022-05-23 01:54:36,-12.0667,134.2667,89.02,46,10,10.71
475,Vila Franca Do Campo,PT,2022-05-23 01:54:36,37.7167,-25.4333,67.19,96,100,3.31
476,Naivasha,KE,2022-05-23 01:54:37,-0.7167,36.4359,61.11,88,91,2.08
477,Sinop,TR,2022-05-23 01:54:37,41.7711,34.8709,52.68,78,100,3.56
478,Vostok,RU,2022-05-23 01:54:38,46.4856,135.8833,63.01,49,48,2.51
479,Bergama,TR,2022-05-23 01:54:38,39.1207,27.1805,64.98,67,48,0.74
480,Marawi,PH,2022-05-23 01:54:39,7.9986,124.2928,79.7,69,100,2.21
481,Arman,RU,2022-05-23 01:54:39,59.7,150.1667,41.02,98,100,8.37
482,Semnan,IR,2022-05-23 01:54:39,35.5729,53.3971,64.24,22,0,2.3
483,Cockeysville,US,2022-05-23 01:54:40,39.4812,-76.6439,71.42,93,100,8.39
484,Samaipata,BO,2022-05-23 01:54:40,-18.15,-63.8667,45.81,99,40,2.64
485,Les Cayes,HT,2022-05-23 01:54:40,18.2,-73.75,76.95,83,100,2.44
486,Spencer,US,2022-05-23 01:54:41,43.1414,-95.1444,54.72,50,11,4.65
487,Kontagora,NG,2022-05-23 01:54:41,10.3999,5.4695,76.37,79,100,4.97
488,Cheremukhovo,RU,2022-05-23 01:54:42,60.3484,59.9851,34.84,93,85,6.44
489,Srednekolymsk,RU,2022-05-23 01:54:04,67.45,153.6833,59.02,33,80,11.1
490,Pochutla,MX,2022-05-23 01:54:42,15.7432,-96.4661,81.82,69,0,6.69
491,Bow Island,CA,2022-05-23 01:54:43,49.8668,-111.3684,64.58,22,42,9.22
492,Matara,LK,2022-05-23 01:54:43,5.9485,80.5353,80.64,87,85,11.32
493,Nhulunbuy,AU,2022-05-23 01:50:43,-12.2333,136.7667,88.41,62,40,14.97
494,Tautira,PF,2022-05-23 01:54:44,-17.7333,-149.15,78.94,76,25,12.88
495,Zhovti Vody,UA,2022-05-23 01:54:44,48.3473,33.5003,47.97,88,90,10.92
496,Airai,TL,2022-05-23 01:54:45,-8.9266,125.4092,72.36,48,9,5.08
497,Pirapora,BR,2022-05-23 01:54:45,-17.345,-44.9419,60.17,62,0,0.98
498,Saint-Augustin,CA,2022-05-23 01:54:46,51.226,-58.6502,44.17,95,100,7.23
499,Tomatlan,MX,2022-05-23 01:55:46,19.9333,-105.25,74.25,76,0,4.72
500,Acarau,BR,2022-05-23 01:55:46,-2.8856,-40.12,76.3,85,8,8.93
501,Kamina,CD,2022-05-23 01:55:47,-8.7386,24.9906,63.41,88,100,4.65
502,Pangnirtung,CA,2022-05-23 01:53:30,66.1451,-65.7125,27.46,98,100,6.8
503,Wynyard,AU,2022-05-23 01:55:47,-41.0,145.7167,54.52,68,17,3.96
504,Jensen Beach,US,2022-05-23 01:55:48,27.2545,-80.2298,81.01,83,20,4.61
505,Gat,IL,2022-05-23 01:55:21,31.61,34.7642,66.4,100,4,9.55
506,Acapulco,MX,2022-05-23 01:52:08,16.8634,-99.8901,80.58,75,61,3.56
507,Loubomo,CG,2022-05-23 01:55:48,-4.1997,12.6739,66.6,96,100,2.93
508,Cockburn Town,TC,2022-05-23 01:55:49,21.4612,-71.1419,79.61,79,1,20.6
509,Brewster,US,2022-05-23 01:55:49,41.3973,-73.6171,72.27,94,96,7.07
510,Yulara,AU,2022-05-23 01:55:50,-25.2406,130.9889,68.18,32,100,11.1
511,Sala Consilina,IT,2022-05-23 01:55:50,40.3912,15.5989,60.39,83,6,1.68
512,Jawad,IN,2022-05-23 01:55:50,24.6,74.85,80.78,67,0,22.06
513,Punta Alta,AR,2022-05-23 01:55:51,-38.8759,-62.0736,57.49,51,100,9.17
514,Halifax,CA,2022-05-23 01:55:44,44.6453,-63.5724,55.69,98,100,10.36
515,Bathsheba,BB,2022-05-23 01:55:51,13.2167,-59.5167,81.21,78,20,16.11
516,Oksfjord,NO,2022-05-23 01:55:52,70.2396,22.3479,44.67,90,77,5.66
517,Vestmanna,FO,2022-05-23 01:55:52,62.1564,-7.1664,45.52,93,75,2.3
518,Jaen,ES,2022-05-23 01:55:52,38.0,-3.5,61.93,84,6,5.7
519,Broken Hill,AU,2022-05-23 01:53:06,-31.95,141.4333,63.99,53,0,9.55
520,Rorvik,NO,2022-05-23 01:55:53,64.8621,11.2373,48.87,84,89,8.08
521,Sholokhove,UA,2022-05-23 01:55:53,47.6945,34.0312,52.38,84,97,9.75
522,Garden City,US,2022-05-23 01:55:54,42.3256,-83.331,59.0,56,100,8.55
523,Muros,ES,2022-05-23 01:55:54,42.7762,-9.0603,58.68,92,81,1.07
524,Jacareacanga,BR,2022-05-23 01:55:54,-6.2222,-57.7528,73.27,76,2,0.78
525,Cartagena,CO,2022-05-23 01:55:55,10.3997,-75.5144,82.02,83,20,11.5
526,Ankpa,NG,2022-05-23 01:55:55,7.3706,7.6253,71.78,95,91,6.24
527,Shubarkuduk,KZ,2022-05-23 01:55:55,49.1447,56.4872,56.7,74,44,18.39
528,Vanimo,PG,2022-05-23 01:55:56,-2.6741,141.3028,85.89,67,100,7.25
529,Ordzhonikidze,KZ,2022-05-23 01:55:56,52.4411,61.7408,49.42,94,100,12.5
530,Paamiut,GL,2022-05-23 01:55:56,61.994,-49.6678,32.9,99,100,21.05
531,Celestun,MX,2022-05-23 01:55:57,20.8667,-90.4,81.12,77,100,5.44
532,Nishihara,JP,2022-05-23 01:55:57,26.1842,127.7558,74.48,89,100,12.66
533,Hualmay,PE,2022-05-23 01:55:58,-11.0964,-77.6139,64.27,87,26,6.55
534,Sibi,PK,2022-05-23 01:51:20,29.5448,67.8764,87.58,9,0,10.69
535,Mian Channun,PK,2022-05-23 01:55:58,30.44,72.3543,90.66,22,0,16.22
536,Ust-Ordynskiy,RU,2022-05-23 01:55:58,52.805,104.7508,57.49,55,100,7.02
537,Kiruna,SE,2022-05-23 01:55:59,67.8557,20.2251,40.12,87,100,2.3
538,Maracacume,BR,2022-05-23 01:55:59,-2.0428,-45.9592,71.55,98,41,2.08
539,La Ronge,CA,2022-05-23 01:56:01,55.1001,-105.2842,64.65,14,75,10.36
540,Shahrud,IR,2022-05-23 01:56:01,36.4182,54.9763,61.16,23,0,3.8
541,Turbat,PK,2022-05-23 01:56:01,26.0023,63.044,88.23,8,0,19.19
542,Araceli,PH,2022-05-23 01:56:02,10.5529,119.9913,79.95,85,100,11.92
543,Dunedin,NZ,2022-05-23 01:56:02,-45.8742,170.5036,56.8,42,10,8.99
544,Iquique,CL,2022-05-23 01:53:59,-20.2208,-70.1431,62.82,78,56,1.88
545,Kaffrine,SN,2022-05-23 01:57:03,14.1059,-15.5508,70.45,70,53,9.04
546,Clevelandia,BR,2022-05-23 01:57:03,-26.3958,-52.4708,49.68,79,100,4.0
547,Sorland,NO,2022-05-23 01:57:03,67.667,12.6934,44.46,89,83,8.93
548,Urumqi,CN,2022-05-23 01:57:04,43.801,87.6005,72.55,38,0,8.95
549,Bani,DO,2022-05-23 01:57:04,18.2833,-70.3333,78.85,83,100,7.99
550,Kharan,PK,2022-05-23 01:57:05,28.5833,65.4167,72.9,18,0,5.44
